<?xml version="1.0" encoding="UTF-8"?>
<!DOCTYPE mapper
  PUBLIC "-//mybatis.org//DTD Mapper 3.0//EN"
  "https://mybatis.org/dtd/mybatis-3-mapper.dtd">

<mapper namespace="kr.co.movmov.mapper.FaqMapper">

  <!-- 전체 FAQ 조회 -->
  <select id="getFaqs" resultType="Faq">
    SELECT
      c.cat_name AS "category.name",
      f.faq_title AS title,
      f.faq_content AS content
    FROM
      movmov_cs_faq f,
      movmov_content_categories c
    WHERE
      f.cat_id = c.cat_id
  </select>

  <!-- 카테고리 및 키워드 기반 FAQ 조회 (페이징 포함) -->
  <select id="getFaqsByCategory" parameterType="map" resultType="Faq">
    SELECT
      f.faq_id AS id,
      f.faq_title AS title,
      f.faq_content AS content,
      c.cat_name AS "category.name"
    FROM
      movmov_cs_faq f
    JOIN
      movmov_content_categories c ON f.cat_id = c.cat_id
    <where>
      <if test="catId != null and catId != ''">
        c.cat_id = #{catId}
      </if>
      <if test="keyword != null and keyword != ''">
        AND f.faq_title LIKE #{keyword}
      </if>
    </where>
    ORDER BY f.faq_id ASC
    OFFSET #{offset} ROWS FETCH NEXT #{rows} ROWS ONLY
  </select>

  <!-- 카테고리 및 키워드 기반 총 FAQ 수 -->
  <select id="getTotalRows" parameterType="map" resultType="int">
    SELECT COUNT(*)
    FROM
      movmov_cs_faq f
    JOIN
      movmov_content_categories c ON f.cat_id = c.cat_id
    <where>
      <if test="catId != null and catId != ''">
        c.cat_id = #{catId}
      </if>
      <if test="keyword != null and keyword != ''">
        AND f.faq_title LIKE #{keyword}
      </if>
    </where>
  </select>
</mapper>