<?xml version="1.0" encoding="UTF-8" ?>
<!DOCTYPE configuration
  PUBLIC "-//mybatis.org//DTD Config 3.0//EN"
  "https://mybatis.org/dtd/mybatis-3-config.dtd">
<configuration>

	<settings>
		<setting name="jdbcTypeForNull" value="NULL"/>
	</settings>
	
	<typeAliases>
		<package name="kr.co.movmov.vo"/>
	</typeAliases>
	
	<environments default="development">
		<environment id="development">
			<transactionManager type="JDBC" />
			<dataSource type="POOLED">
				<property name="driver" value="oracle.jdbc.OracleDriver" />
				<property name="url" value="jdbc:oracle:thin:@localhost:1521:xe" />
				<property name="username" value="movmov" />
				<property name="password" value="zxcv1234" />
			</dataSource>
		</environment>
	</environments>
	
	<!-- Mapper XML 파일 등록 -->
	<mappers>
		
	</mappers>
</configuration>