<?xml version="1.0" encoding="UTF-8"?>
<!DOCTYPE mapper
  PUBLIC "-//mybatis.org//DTD Mapper 3.0//EN"
  "https://mybatis.org/dtd/mybatis-3-mapper.dtd">

<mapper namespace="kr.co.movmov.mapper.CsPostMapper">

	<!-- CS 게시글 : FAQ / 공지사항 목록 조회 -->

	<!-- 타입별 게시글 전체 조회 (예: FAQ 게시글 전체, 공지사항 전체, 문의유형 전체) 
		List<CsPost> getPostsByType(Map<String, Object> param); -->
	<select id="selectPostsByType" parameterType="map" 	resultType="CsPost">
		SELECT
			p.post_id AS id,
			p.post_type AS postType,
			c.cat_name AS "category.name",
			p.post_title AS title,
			p.post_content AS content,
			p.post_top AS postTop,
			p.created_date AS createdDate,
			p.updated_date AS updatedDate,
			p.view_count AS viewCount
			FROM
			movmov_cs_posts p
		JOIN movmov_content_categories c ON p.cat_id = c.cat_id
		WHERE
			p.post_type = #{postType}
		<if test="catId != null">
			AND p.cat_id = #{catId}
		</if>
		ORDER BY
			p.post_top ASC,
			p.created_date DESC
	</select>

	<!-- 수정 전 -->
	<!-- 카테고리 및 키워드 기반 FAQ 조회 (페이징 포함) -->
	<select id="getFaqsByCategory" parameterType="map"
		resultType="Faq">
		SELECT
		f.faq_id AS id,
		f.faq_title AS title,
		f.faq_content AS content,
		c.cat_name AS "category.name"
		FROM
		movmov_cs_faq f
		JOIN
		movmov_content_categories c ON f.cat_id = c.cat_id
		<where>
			<if test="catId != null and catId != ''">
				c.cat_id = #{catId}
			</if>
			<if test="keyword != null and keyword != ''">
				AND f.faq_title LIKE #{keyword}
			</if>
		</where>
		ORDER BY f.faq_id ASC
		OFFSET #{offset} ROWS FETCH NEXT #{rows} ROWS ONLY
	</select>

	<!-- 카테고리 및 키워드 기반 총 FAQ 수 -->
	<select id="getTotalRows" parameterType="map" resultType="int">
		SELECT COUNT(*)
		FROM
		movmov_cs_faq f
		JOIN
		movmov_content_categories c ON f.cat_id = c.cat_id
		<where>
			<if test="catId != null and catId != ''">
				c.cat_id = #{catId}
			</if>
			<if test="keyword != null and keyword != ''">
				AND f.faq_title LIKE #{keyword}
			</if>
		</where>
	</select>
</mapper>